<ModifierDefs><List>


	<Modifier Name="效果1607298192云游万里" Type="Normal">
		<DisplayName></DisplayName>
		<Desc></Desc>
		<MaxStack>0</MaxStack>
		<Duration>-1</Duration>
		<Display>0</Display>
		<Properties>
			<li Name="MoveSpeed" AddP="100000"/>
<li Name="WorldMapFlySpeedAddP" AddV="100000"/>
<li Name="ExperienceFindSpeedAddV" AddP="10000"/>

		</Properties>
	</Modifier> 



	<Modifier Name="效果1607296801太玄功" Type="Normal">
		<DisplayName></DisplayName>
		<Desc></Desc>
		<MaxStack>0</MaxStack>
		<Duration>-1</Duration>
		<Display>0</Display>
		<Properties>
			<li Name="LingAbsorbSpeed" AddP="2000"/>
<li Name="MaxAge" AddV="500"/>
<li Name="NpcLingMaxValue" AddV="100000"/>
<li Name="NpcLingMaxValue" AddP="100000"/>
<li Name="NpcLingMaxValue" BAddV="100000"/>
<li Name="NpcLingMaxValue" BAddP="100"/>

		</Properties>
	</Modifier> 



	<Modifier Name="效果1607297055太玄羽衣" Type="Normal">
		<DisplayName></DisplayName>
		<Desc></Desc>
		<MaxStack>0</MaxStack>
		<Duration>-1</Duration>
		<Display>0</Display>
		<Properties>
			<li Name="NpcFight_ShieldConversionRate" AddP="10000"/>
<li Name="NpcFight_ShieldConversionRateAddP" AddV="100000"/>
<li Name="ToleranceTMin" AddV="-300"/>
<li Name="ToleranceTMax" AddV="9999"/>
<li Name="NpcFight_ShieldResistanceToJin" AddV="10000"/>
<li Name="NpcFight_ShieldResistanceToMu" AddV="10000"/>
<li Name="NpcFight_ShieldResistanceToShui" AddV="10000"/>
<li Name="NpcFight_ShieldResistanceToHuo" AddV="10000"/>
<li Name="NpcFight_ShieldResistanceToTu" AddV="10000"/>

		</Properties>
	</Modifier> 



	<Modifier Name="效果1607298793阴阳无极功" Type="Normal">
		<DisplayName></DisplayName>
		<Desc></Desc>
		<MaxStack>0</MaxStack>
		<Duration>-1</Duration>
		<Display>0</Display>
		<Properties>
			<li Name="LingAbsorbSpeed" AddP="1000000000000000"/>
<li Name="NpcLingMaxValue" BAddV="1000000000000000"/>
<li Name="NpcLingMaxValue" BAddP="1000000000000000"/>
<li Name="NpcLingMaxValue" AddV="1000000000000000"/>
<li Name="NpcLingMaxValue" AddP="1000000000000000"/>
<li Name="NpcFight_ShieldConversionRate" AddP="1000000000000000"/>
<li Name="MaxAge" AddV="1000000000000000"/>
<li Name="DeepPracticeSpeedSpecialCoefficient" AddP="1000000000000000"/>
<li Name="MindStateBaseValue" AddV="1000000000000000"/>
<li Name="NeckCountdownAddV" AddV="1000000000000000"/>
<li Name="RecoveryPower" AddP="1000000000000000"/>
<li Name="MoveSpeed" AddP="1000000000000000"/>
<li Name="IntelligenceSkillEXPConstant" AddP="1000000000000000"/>
<li Name="NpcFight_FabaoNum" AddV="6"/>
<li Name="WorldMapFlySpeedAddP" AddV="1000000000000000"/>
<li Name="ExperienceFindSpeedAddV" AddP="1000000000000000"/>
<li Name="NpcFight_SpellPowerAddP" AddP="1000000000000000"/>
<li Name="NpcFight_ShieldConversionRateAddP" AddV="1000000000000000"/>
<li Name="NpcFight_FabaoPowerAddP" AddP="1000000000000000"/>
<li Name="NpcFight_FabaoLingRecoverAddP" AddP="1000000000000000"/>
<li Name="NpcFight_FabaoMaxLingAddP" AddP="1000000000000000"/>
<li Name="FabaoMake_SpeedAddV" AddV="1000000000000000"/>
<li Name="FabaoMake_SuccessRateAddV" AddV="1000000000000000"/>
<li Name="FabaoMake_LingInheritRateAddV" AddV="1000000000000000"/>
<li Name="FabaoMake_QualityAddV" AddV="1000000000000000"/>
<li Name="FabaoMake_TwelveRateChance" AddP="1000000000000000"/>
<li Name="DanMake_SuccessRateAddV" AddV="1000000000000000"/>
<li Name="DanMake_SpeedAddV" AddV="1000000000000000"/>
<li Name="NpcFight_ZhenKeyPointNum" AddV="1000000000000000"/>
<li Name="NpcFight_ShieldResistanceToJin" AddV="1000000000000000"/>
<li Name="NpcFight_ShieldResistanceToMu" AddV="1000000000000000"/>
<li Name="NpcFight_ShieldResistanceToShui" AddV="1000000000000000"/>
<li Name="NpcFight_ShieldResistanceToHuo" AddV="1000000000000000"/>
<li Name="NpcFight_ShieldResistanceToTu" AddV="1000000000000000"/>
<li Name="Fabao" LevelOver="1000000000000000"/>

		</Properties>
	</Modifier> 


</List></ModifierDefs>