<Gongs><List>
	<Gong Name="功法1607374719测试法"> 
		<DisplayName>测试法</DisplayName>
		<Desc>测试</Desc>
		<SelectDesc></SelectDesc>
		<FiveBaseNeed>5,4,3,2,1</FiveBaseNeed>
		<SkillSetName></SkillSetName>
		<ElementKind>None</ElementKind>
		<Skills> <!--chumo jiangdao guanding ciqi kaiguang cuiti bihu-->
			<li>chumo</li>
			<li>jiangdao</li>
			<li>guanding</li>
			<li>ciqi</li>
			<li>kaiguang</li>
			<li>cuiti</li>
			<li>bihu</li>
		</Skills>
		<Hide>-1</Hide>
		<Stages>

			<Stage Name="Stage1" Level="3">
				<DisplayName>测试</DisplayName>
				<Desc></Desc>
				<Value>1000</Value>
				<Necks>
					<Neck Location="0.5" Kind="Chance">
						<DisplayName>小灰狼</DisplayName>
						<Desc></Desc>
						<CostTime>50</CostTime>
						<SuccessChange>1</SuccessChange>
						<AddModifier>Gong_Qi</AddModifier>
					</Neck>

					<Neck Location="1" Kind="Chance">
						<DisplayName>大灰狼</DisplayName>
						<Desc></Desc>
						<CostTime>50</CostTime>
						<SuccessChange>1</SuccessChange>
						<AddModifier>Gong_Qi</AddModifier>
					</Neck>
				</Necks>
			</Stage>


			<Stage Name="Stage2" Level="6">
				<DisplayName>地狱</DisplayName>
				<Desc></Desc>
				<Value>3000</Value>
				<Necks>
					<Neck Location="0.5" Kind="Chance">
						<DisplayName>火焰犬</DisplayName>
						<Desc></Desc>
						<CostTime>50</CostTime>
						<SuccessChange>1</SuccessChange>
						<AddModifier>Gong_Qi</AddModifier>
					</Neck>

					<Neck Location="1" Kind="Gold">
						<DisplayName>熔岩犬</DisplayName>
						<Desc></Desc>
						<AddModifier>Gong_Gold</AddModifier>
					</Neck>
				</Necks>
			</Stage>


			<Stage Name="Stage3" Level="9">
				<DisplayName>仙界</DisplayName>
				<Desc></Desc>
				<Value>200000</Value>
				<Necks>
					<Neck Location="0.5" Kind="Chance">
						<DisplayName>下位神</DisplayName>
						<Desc></Desc>
						<CostTime>50</CostTime>
						<SuccessChange>1</SuccessChange>
						<AddModifier>Gong_Qi</AddModifier>
					</Neck>

					<Neck Location="1" Kind="Chance">
						<DisplayName>上位神</DisplayName>
						<Desc></Desc>
						<CostTime>50</CostTime>
						<SuccessChange>1</SuccessChange>
						<AddModifier>Gong_Thunder1</AddModifier>
					</Neck>
				</Necks>
			</Stage>


			<Stage Name="Stage4" Level="10">
				<DisplayName>魔界</DisplayName>
				<Desc></Desc>
				<Value>200000</Value>
				<Necks>
					<Neck Location="0.5" Kind="Chance">
						<DisplayName>天魔尊</DisplayName>
						<Desc></Desc>
						<CostTime>50</CostTime>
						<SuccessChange>1</SuccessChange>
						<AddModifier>Gong_Qi</AddModifier>
					</Neck>

					<Neck Location="1" Kind="Chance">
						<DisplayName>帝魔尊</DisplayName>
						<Desc></Desc>
						<CostTime>50</CostTime>
						<SuccessChange>1</SuccessChange>
						<AddModifier>Gong_Thunder2</AddModifier>
					</Neck>
				</Necks>
			</Stage>


			<Stage Name="Stage5" Level="12">
				<DisplayName>混沌</DisplayName>
				<Desc></Desc>
				<Value>5000000</Value>
				<Necks>
					<Neck Location="0.5" Kind="Chance">
						<DisplayName>无名小辈</DisplayName>
						<Desc></Desc>
						<CostTime>50</CostTime>
						<SuccessChange>1</SuccessChange>
						<AddModifier>Gong_Qi</AddModifier>
					</Neck>

					<Neck Location="1" Kind="God">
						<DisplayName>狼犬神尊仙</DisplayName>
						<Desc></Desc>
						<ThunderValue>500000</ThunderValue>
						<NeckCountdown>3000</NeckCountdown>
						<AddModifier>Gong_Thunder3</AddModifier>
					</Neck>
				</Necks>
			</Stage>


		</Stages>
	</Gong>
</List></Gongs>